z,Nz,errz
-570.0,1,1.0
-510.0,4,2.0
-450.0,7,2.6457513110645907
-390.0,18,4.242640687119285
-330.0,30,5.477225575051661
-270.0,45,6.708203932499369
-210.0,110,10.488088481701515
-150.0,172,13.114877048604
-90.0,251,15.84297951775486
-30.0,361,19.0
30.0,308,17.549928774784245
90.0,296,17.204650534085253
150.0,194,13.92838827718412
210.0,112,10.583005244258363
270.0,51,7.14142842854285
330.0,18,4.242640687119285
390.0,17,4.123105625617661
450.0,2,1.4142135623730951
510.0,1,1.0
